<?xml version="1.0" encoding="UTF-8"?>
<beans xmlns="http://www.springframework.org/schema/beans"
	xmlns:xsi="http://www.w3.org/2001/XMLSchema-instance"
	xmlns:context="http://www.springframework.org/schema/context"
	xsi:schemaLocation="http://www.springframework.org/schema/beans http://www.springframework.org/schema/beans/spring-beans.xsd
		http://www.springframework.org/schema/context http://www.springframework.org/schema/context/spring-context-4.1.xsd">
		<context:annotation-config> </context:annotation-config>
<bean name="address" class="com.capgemini.beans.Address">
<property name="city" value="Jhansi"></property>
</bean>
<bean name="emp" class="com.capgemini.beans.Employee">
<property name="empNumber" value="100"></property>
<property name="empName" value="Shivi"></property>

</bean>
</beans>
